wkaidbid,wkorigrec,wksid,wkpid,wkproductline,lcontainerstate,wktestno,wkqpcr,wksampleid,wkdept,lsjfs,wktestno,wkindexseq,,,
文库数据库id，ai生成,文库orig标识,文库sid标识,文库项目标识,产线标识,容器状态,工序名称,QPCR值,文库ID,实验室名称,上机方式,工序名称,Index序列,,,
,9801,-2,-2,Z,板,SURFSEQ-PE150,6.12,FDSW250185147-1r,天津科技服务实验室,,SURFSEQ-PE150,TGCAACGTAG;GACTAGCTTG,,,
,9802,-2,-2,Z,板,SURFSEQ-PE150,4.79,FDSW250185161-1r,天津科技服务实验室,,SURFSEQ-PE150,TCGTTCGTCA;AGCAGAACGT,,,平衡文库使用逻辑
,9803,-2,-2,Z,板,SURFSEQ-PE150,6.48,FDSW250185165-1r,天津科技服务实验室,,SURFSEQ-PE150,GCGATAAGTG;AGACTCATGC,,,1、首先区分实验室，再区分工序名称列使用
,9804,-2,-2,Z,板,SURFSEQ-PE150,5.27,FDSW250185167-1r,天津科技服务实验室,,SURFSEQ-PE150,AGACTCCAGA;TTAGAGCTGC,,,2、相同工序下文库使用优先级由上到下，lane下非平衡文库完成添加后，添加平衡文库，添加进去后再次校验index重复性，如果重复替换下一个平衡文库，如果该工序可用平衡文库全部存在index重复问题，替换重复样本；
,9805,-2,-2,Z,板,SURFSEQ-PE150,4.88,FDSW250185170-1r,天津科技服务实验室,,SURFSEQ-PE150,TTAGAGTGCC;GTTATACGCC,,,3、包lane文库，根据运营下单“wkbalancedata”，确定平衡文库是否添加及添加数据量；
,9806,-2,-2,Z,板,SURFSEQ-PE150,4.53,FDSW250185173-1r,天津科技服务实验室,,SURFSEQ-PE150,GTTCAACCGA;AAGAACTCGC,,,4、非包lane文库，是否添加数据量根据“碱基不均衡排机组合”sheet平衡文库占比添加；
,9807,-2,-2,Z,板,SURFSEQ-PE150,5.54,FDSW250185175-1r,天津科技服务实验室,,SURFSEQ-PE150,AAGAACTGCG;AGCAGACATG,,,5、非包lane，1.1第二轮根据lane下单数据量确定平衡文库添加合同数据量
,9808,-2,-2,Z,板,SURFSEQ-PE150,5.94,FDSW250185177-1r,天津科技服务实验室,,SURFSEQ-PE150,AGCAGACTGA;GCGAGTCTAA,,,5、非包lane，且非1.1第二轮根据lane合同数据量确定平衡文库添加合同数据量
,9809,-2,-2,Z,板,SURFSEQ-PE150,5.37,FDSW250185184-1r,天津科技服务实验室,,SURFSEQ-PE150,ACGAGCAGTA;GTTCAATGCG,,,6、如果wkindexseq就叫PE，不能使用wksampleid为phix的这个文库，使用同工序下其他平衡文库；如果lane下wkindexseq不含PE，优先使用wksampleid为phix的这个文库；
,9810,-2,-2,Z,板,SURFSEQ-PE150,4.73,FDSW250185203-1r,天津科技服务实验室,,SURFSEQ-PE150,CAGAGTCTGA;AGCAGCTTCT,,,注意：wkaidbid需要Ai自己用UUID4生成
,9811,-2,-2,Z,板,SURFSEQ-PE150,4.76,FDSW250185208-1r,天津科技服务实验室,,SURFSEQ-PE150,AGCAGTATGC;ACGAGTAACC,,,
,9812,-2,-2,Z,板,SURFSEQ-PE150,4.43,FDSW250185209-1r,天津科技服务实验室,,SURFSEQ-PE150,CTCAACTAGC;TTGCGTAGAG,,,
,9813,-2,-2,Z,板,SURFSEQ-PE150,4.38,FDSW250185211-1r,天津科技服务实验室,,SURFSEQ-PE150,CCGACAACTA;GTTCAGCAAC,,,
,9814,-2,-2,Z,板,Novaseq-T7,4.42,FDSW250185217-1r,天津科技服务实验室,,Novaseq-T7,CAGATACCGA;CTCAAGACGT,,,
,9815,-2,-2,Z,板,Novaseq-T7,4.48,FDSW250185222-1r,天津科技服务实验室,,Novaseq-T7,ACTGCAACCA;GTCACCGTTA,,,
,9816,-2,-2,Z,板,Novaseq-T7,4.61,FDSW250185225-1r,天津科技服务实验室,,Novaseq-T7,GACTCGATGA;ATCGCATTCC,,,
,9817,-2,-2,Z,板,Novaseq-T7,5.17,FDSW250185228-1r,天津科技服务实验室,,Novaseq-T7,CAATAGCGCA;ACTGCACGTT,,,
,9818,-2,-2,Z,板,Novaseq-T7,5.13,FDSW250185230-1r,天津科技服务实验室,,Novaseq-T7,GTCACGTTGA;GATGAAGCAC,,,
,9819,-2,-2,Z,板,Novaseq-T7,4.33,FDSW250185231-1r,天津科技服务实验室,,Novaseq-T7,CGATCGATTG;CATCTTCACG,,,
,9820,-2,-2,Z,板,Novaseq-T7,4.59,FDSW250185234-1r,天津科技服务实验室,,Novaseq-T7,ATCGCCAACA;GACTCGAATG,,,
,9821,-2,-2,Z,板,Novaseq-T7,4.53,FDSW250185237-1r,天津科技服务实验室,,Novaseq-T7,ACTGCAGAAG;CAATAGCCAC,,,
,9822,-2,-2,Z,板,Novaseq-T7,4.56,FDSW250185249-1r,天津科技服务实验室,,Novaseq-T7,ACTGCCAGAA;TGCACATGCA,,,
,9823,-2,-2,Z,板,Novaseq-T7,4.42,FDSW250185267-1r,天津科技服务实验室,,Novaseq-T7,CAATCCTGTC;GTCAGACTAC,,,
,9824,-2,-2,Z,板,G99-PE300,4.58,FDSW250185268-1r,天津科技服务实验室,,G99-PE300,GTCAGCAAGA;CGATGATCTG,,,
,9825,-2,-2,Z,板,G99-PE300,4.88,FDSW250185271-1r,天津科技服务实验室,,G99-PE300,TCCACAGAAC;TACCTGTACG,,,
,9826,-2,-2,Z,板,G99-PE300,4.66,FDSW250185272-1r,天津科技服务实验室,,G99-PE300,TACCTGTTGC;ACTGCGAAGT,,,
,9827,-2,-2,Z,板,G99-PE300,4.58,FDSW250185275-1r,天津科技服务实验室,,G99-PE300,CTCAAGCAAG;CAGATACACC,,,
,9828,-2,-2,Z,板,G99-PE300,8.19,FDSW250185279-1r,天津科技服务实验室,,G99-PE300,GCGCATTCAT;CGTTCGTATC,,,
,9829,-2,-2,Z,板,G99-PE300,4.74,FDSW250185282-1r,天津科技服务实验室,,G99-PE300,ACGATCGACA;AGCATCACGA,,,
,9830,-2,-2,Z,板,G99-PE300,4.38,FDSW250185283-1r,天津科技服务实验室,,G99-PE300,TTATCAGCGC;CTCAAGCTTC,,,
,9831,-2,-2,Z,板,G99-PE300,4.88,FDSW250185286-1r,天津科技服务实验室,,G99-PE300,CGTTCGTTGA;AGAGAACCGT,,,
,9832,-2,-2,Z,板,G99-PE300,4.73,FDSW250185288-1r,天津科技服务实验室,,G99-PE300,TCTACGTCGT;TTAGTCCGTC,,,
,9833,-2,-2,Z,板,G99-PE300,4.54,FDSW250185289-1r,天津科技服务实验室,,G99-PE300,AGCATCCGAT;CAGATCAAGC,,,
,9834,-2,-2,Z,板,G99-PE300,5.04,FDSW250185290-1r,天津科技服务实验室,,G99-PE300,CTCAAGTCTG;GTTCCAGATC,,,
,9835,-2,-2,Z,板,G99-PE300,4.74,FDSW250185293-1r,天津科技服务实验室,,G99-PE300,AAGACGTGAC;AAGACGTCGA,,,
,9836,-2,-2,Z,板,Novaseq X Plus-PE150,6.88,FDSW250185295-1r,天津科技服务实验室,,Novaseq X Plus-PE150,AGCATCGAGT;AGCATCCTCA,,,
,9837,-2,-2,Z,板,Novaseq X Plus-PE150,6.4,FDSW250185296-1r,天津科技服务实验室,,Novaseq X Plus-PE150,CTCACACTGA;CTCACACATG,,,
,9838,-2,-2,Z,板,Novaseq X Plus-PE150,4.49,FDSW250185298-1r,天津科技服务实验室,,Novaseq X Plus-PE150,CCGACTAGAT;CCGACTAAGA,,,
,9839,-2,-2,Z,板,Novaseq X Plus-PE150,5.01,FDSW250185306-1r,天津科技服务实验室,,Novaseq X Plus-PE150,ACAGAGCGAT;GACTACTCAC,,,
,9840,-2,-2,Z,板,Novaseq X Plus-PE150,4.9,FDSW250185309-1r,天津科技服务实验室,,Novaseq X Plus-PE150,GTCACACACT;CAAGTGCTTC,,,
,9841,-2,-2,Z,板,Novaseq X Plus-PE150,4.47,FDSW250185313-1r,天津科技服务实验室,,Novaseq X Plus-PE150,ATCGAATGCG;CGATATCTGC,,,
,9842,-2,-2,Z,板,Novaseq X Plus-PE150,6.14,FDSW250185316-1r,天津科技服务实验室,,Novaseq X Plus-PE150,TCATTGCACC;ATCGAAGCTC,,,
,10101,-2,-2,Z,板,SURFSEQ-PE150,,FRAS250378707-1A,天津科技服务实验室,,SURFSEQ-PE150,TCCGTACACT;AACAGCGATG,,,
,1,-2,-2,S,管,Novaseq X Plus-PE150,10,phix,天津科技服务实验室,,Novaseq X Plus-PE150,GGGGGGGGGG;ACCGAGATCT,,,
